[{"model": "bands.genre", "pk": 1, "fields": {"name": "Rock"}}, {"model": "bands.genre", "pk": 2, "fields": {"name": "Pop"}}, {"model": "bands.band", "pk": 1, "fields": {"name": "Gusaneros", "genre": 1}}, {"model": "bands.band", "pk": 2, "fields": {"name": "Empanadas", "genre": 2}}, {"model": "bands.festival", "pk": 1, "fields": {"name": "Ultimate music festival", "bands": [1, 2]}}, {"model": "escola.turn", "pk": 1, "fields": {"name": "A"}}, {"model": "escola.turn", "pk": 2, "fields": {"name": "B"}}, {"model": "escola.student", "pk": 1, "fields": {"name": "Jose", "turn": 1}}, {"model": "escola.student", "pk": 2, "fields": {"name": "Luis", "turn": 2}}, {"model": "escola.professor", "pk": 1, "fields": {"name": "John", "turn": 1}}, {"model": "escola.professor", "pk": 2, "fields": {"name": "Pepe", "turn": 2}}, {"model": "gym.client", "pk": 1, "fields": {"name": "Gus"}}, {"model": "gym.pt", "pk": 1, "fields": {"name": "John Gym"}}, {"model": "gym.session", "pk": 1, "fields": {"date": "2026-03-21", "time": "18:00:52", "client": 1, "pt": 1}}, {"model": "pessoas.pessoa", "pk": 1, "fields": {"nome": "Pepe", "idade": 20}}, {"model": "portfolio.degree", "pk": 2, "fields": {"name": "Licenciatura em Engenharia Informática", "tipo": "L", "description": "O curso de licenciatura em Engenharia Informática da Universidade Lusófona forma licenciados capazes de assumir posições de destaque em projetos de engenharia informática ou equipas de desenvolvimento e consultadoria, na área da engenharia dos sistemas de informação, assumindo pela sua formação e atitude papéis relevantes na geração de inovação e riqueza. Nesse sentido, os estudantes obtêm as competências adequadas à conceção, realização e manutenção de sistemas informáticos, programação de aplicações e de sistemas, desenho arquiteturas de computação e comunicações, gestão de sistemas de informação e de conhecimento, assim como à compreensão e resolução dos problemas associados."}}, {"model": "portfolio.degree", "pk": 3, "fields": {"name": "Licenciatura em Informática de Gestão", "tipo": "L", "description": "A licenciatura de Informática de Gestão colmata uma das principais necessidades das empresas, em particular no aproximar as áreas de negócio (Marketing, Vendas, Operações, etc.) com as áreas principais de Tecnologias e Sistemas de Informação.  Saber falar negócio e tecnologia é essencial, pois são \"linguagens\" diferentes. Apenas colaboradores capazes de entender a forma como as empresas se estruturam e posicionam nos seus mercados, associado a conhecimentos tecnológicos, poderão potenciar um perfeito alinhamento Tecnologia-Negócio. Este é o foco de quem realiza a licenciatura de Informática de Gestão.   Várias empresas estão envolvidas ao longo do curso, de forma a incorporar a realidade do mercado empresarial, bem como um corpo docente com experiência prática empresarial de forma a sustentar as bases teóricas e práticas aos alunos que realizam um percurso de elevada qualidade de conhecimentos."}}, {"model": "portfolio.degree", "pk": 4, "fields": {"name": "Licenciatura em Ciência de Dados", "tipo": "L", "description": "Ciência de Dados, como definido por especialistas no campo, é uma ciência experimental multidisciplinar que vem dar resposta ao grande volume de dados \"big-data\" que tem crescido de forma exponencial face ao desenvolvimento tecnológico recente. A oportunidade de transformar estes dados em informação e conhecimento, em prol do bem da sociedade, é essencial tando no negócio como na ciência entre outras áreas com impacto social.  Neste ciclo de estudo apresentamos um programa com fortes componentes em: Estatística, Matemática, Aprendizagem Automatizada, Programação, Extração e Manuseamento de dados, diversas componentes de Engenharia de Dados e uma forte incidência no tema de Privacidade, Segurança e Ética."}}, {"model": "portfolio.degree", "pk": 5, "fields": {"name": "Mestrado em Ciência de Dados", "tipo": "M", "description": "A Ciência de Dados integra os paradigmas e métodos multidisciplinares necessários para dar resposta aos complexos desafios do ecossistema hiperconectado de informação. Diariamente, enormes quantidades de dados são gerados a partir de transações comerciais, interações em redes sociais, registos médicos, leituras de sensores e dispositivos IoT e outras fontes. Ao analisar e integrar estes conjuntos de dados, é possível derivar inferências cruciais que permitem extrair conhecimento dos dados e apoiar a tomada de decisões informadas.  O Mestrado em Ciência de Dados (MCiD) da Universidade Lusófona - Centro Universitário de Lisboa  é o complemento formativo ideal para candidatos que, após concluírem uma licenciatura em Engenharia Informática, Estatística, Física, Matemática, Gestão, Ciências Económicas e Financeiras ou áreas afins, pretendem prosseguir os seus estudos através de um segundo ciclo. Este percurso académico visa alcançar um nível superior de especialização e proporcionar acesso"}}, {"model": "portfolio.professor", "pk": 1, "fields": {"name": "Giosuè", "surnames": "Muratore", "mail": "p8344@ulusofona.pt", "page_link": "https://www.ulusofona.pt/en/teachers/giosue-emanuele-muratore-8344"}}, {"model": "portfolio.professor", "pk": 2, "fields": {"name": "Bruno", "surnames": "Saraiva", "mail": "p5958@ulusofona.pt", "page_link": "https://www.ulusofona.pt/docentes/bruno-david-ferreira-saraiva-5958"}}, {"model": "portfolio.professor", "pk": 3, "fields": {"name": "Miguel", "surnames": "Tavares", "mail": "p5502@ulusofona.pt", "page_link": "https://www.ulusofona.pt/en/teachers/bruno-miguel-tavares-ferreira-6270"}}, {"model": "portfolio.professor", "pk": 4, "fields": {"name": "Pedro", "surnames": "Queirós Alves", "mail": "pedro.alves@ulusofona.pt", "page_link": "https://research.ulusofona.pt/en/persons/pedro-hugo-de-queir%C3%A3s-alves/"}}, {"model": "portfolio.professor", "pk": 5, "fields": {"name": "Manuel", "surnames": "Marques Pita", "mail": "manuel.pita@ulusofona.pt", "page_link": "https://www.ulusofona.pt/docentes/manuel-arturo-marques-pita-5265"}}, {"model": "portfolio.professor", "pk": 6, "fields": {"name": "José", "surnames": "Silva Paredes", "mail": "p513@ulusofona.pt", "page_link": "https://www.ulusofona.pt/en/teachers/jose-alexandre-silva-paredes-513"}}, {"model": "portfolio.professor", "pk": 7, "fields": {"name": "Lúcio", "surnames": "Studer Ferreira", "mail": "lucio.studer@ulusofona.pt", "page_link": "https://www.ulusofona.pt/docentes/lucio-miguel-studer-ferreira-6069"}}, {"model": "portfolio.professor", "pk": 8, "fields": {"name": "Luís", "surnames": "Duarte Sousa", "mail": "p8654@ulusofona.pt", "page_link": "https://www.ulusofona.pt/en/teachers/luis-filipe-duarte-sousa-8654"}}, {"model": "portfolio.professor", "pk": 9, "fields": {"name": "Pedro", "surnames": "Almeida Perdigão", "mail": "p5617@ulusofona.pt", "page_link": "https://www.ulusofona.pt/docentes/pedro-de-almeida-perdigao-5617"}}, {"model": "portfolio.subject", "pk": 1, "fields": {"name": "Mobile Computing", "description": "This CU is increasingly essential in a society where the number of smartphones already exceeds the number of computers and where it is expected that, in the near future, each individual will be accompanied by a set of programmable mobile devices (smartwatches, smart glasses, sensors, etc.), creating the opportunity for computer engineers to solve a wide range of problems whose resolution has hitherto been impossible or excessively expensive.  The difficulty lies in passing on knowledge that does not become obsolete, given the pace at which the technologies associated with mobile computing evolve. In this sense, this CU does not intend only to teach a specific language/technology, but rather to approach timeless themes in this area such as the various Models of Development, Autonomy, Geo-location, Connectivity or Usability.", "program": "Conceptual facet   \tMobile Computing / Ubiquitous Systems / IoT \tMobile applications architecture and development (Web, Hybrid, Native) - Usability and Interaction \tConnectivity \tGeo-location \tAutonomy \tSensors \tIntegration with external services \tBusiness models   Practical facet   \tMobile Application Architecture \t \t\tSeparation of UI/Business Logic \t\tWidget Programming \t\tState Management \t\tUnit/Integration Testing \t\tDependency Injection \t\tAsynchronous Programming \t\tRepository Pattern", "ects": 6, "code": "ULHT2531-16925", "year": 3, "image": "portfolio/fotos/mov.png", "degree": 2, "professors": [3, 4]}}, {"model": "portfolio.subject", "pk": 2, "fields": {"name": "Machine Learning I", "description": "This course aims to provide introductory skills in the field of Machine Learning, equipping students with solid, structured knowledge that will enable them to understand theoretical concepts and develop code to solve practical ML problems.", "program": "Introduction to Machine Learning  Machine Learning paradigms: Supervised Learning, Unsupervised Learning and Reinforcement Learning.  Data   \tTypes of Data \tMeasures of similarity and dissimilarity \tData normalization and visualization \tDimensionality reduction by Principal Component Analysis   Supervised Learning   \tRegression \tDecision Trees \tArtificial Neural Networks \tSupport Vector Machines \tK-nearest neighbour classifier \tMethods for classifier evaluation and comparison \tEnsembles   Unsupervised Learning   \tPartitional clustering \tProbabilistic clustering \tPartitional Fuzzy clustering \tHierarchical clustering \tClustering evaluation methods \tOther unsupervised learning topics", "ects": 6, "code": "ULHT6638-24447", "year": 2, "image": "portfolio/fotos/ml.png", "degree": 4, "professors": [2]}}, {"model": "portfolio.subject", "pk": 3, "fields": {"name": "Numerical Analysis", "description": "Missing", "program": "Missing", "ects": 6, "code": "ULHT6638-335", "year": 1, "image": "portfolio/fotos/na.jpg", "degree": 4, "professors": [1]}}, {"model": "portfolio.subject", "pk": 4, "fields": {"name": "Introduction to Social Networks", "description": "This module provides an in-depth introduction to social network analysis (SNA), emphasizing practical skills and applications in Python using the NetworkX library. Over 30 hours, students will learn to analyse social structures through networks and graph theory, understand the principles behind social networks, and apply these concepts to real-world data.", "program": "Foundations of Social Network Analysis \tGraph Theory Essentials \tNetwork Metrics and Measures \tNetwork Models and Structures \tNetwork Dynamics and Evolution \tData Collection, Management, and Visualisation \tApplied Social Network Analysis Project", "ects": 7, "code": "ULHT6347-23267", "year": 1, "image": "portfolio/fotos/sn.jpg", "degree": 5, "professors": [5]}}, {"model": "portfolio.subject", "pk": 5, "fields": {"name": "Operational Research", "description": "Understanding the importance of Operational Research in the decision making process in the organizations.  Developing the ability of formalization the problems as well as choosing the appropriated algorithm to solve it.  Understanding the importance of computers development to solve problems due to the growth in the size and complexity of organizations.", "program": "1.Overview of the Operations Research   \tThe origins of Operational Research \tThe nature of Operational Research \tThe impact of Operational Research \tDefining the problem and gathering data \tFormulating a Mathematical Model \tTesting and evaluating the model   2. Linear Programming   \tThe Linear Programing Model \tAssumptions of Linear Programming \tGraphic Solution \tSimplex Model \tEconomic interpretation of solution \tPost-optimality analysis   3. Duality theory and sensitivity analysis   \tThe duality theory \tRelation Primal-Dual \tSensitivity analysis   4. The transportation and assignment problems   \tThe formalization \tThe algorithms   5. Network analysis   \tThe terminology of Networks \tThe Shortest-Path Problem \tThe Maximum Flow \tProject Planning", "ects": 5, "code": "ULHT6638-81", "year": 3, "image": "portfolio/fotos/io.jpg", "degree": 4, "professors": [6]}}, {"model": "portfolio.subject", "pk": 6, "fields": {"name": "Web Programming", "description": "This course aims to provide training in the area of ¿¿Web programming in general, and in particular in the development of back-end and front-end Web applications, providing an overview of modern Web development. structuring, styling and interaction of content through HTML, CSS and JavaScript languages, in. On the back-end, the development of business applications is taught following the model-view-control design pattern, using the Python language and the django Web framework. It is intended to stimulate creativity and imagination in the development of innovative applications that are efficient, scalable and easy to modify on the one hand, and that offer a good experience for the user. This is a fundamental UC for any IT professional, as it provides a set of knowledge and tools that will be essential in business projects in which they will be inserted.", "program": "The web and its paradigms  - Web and Internet, IP and HTTP protocols  - Technologies, paradigms and web design standards  Python for web development  - Syntax, operators, flow control and types of data  - Functions and modules  - File and folder management  - Classes  Django web framework for Backend  - Web frameworks  - MVT architecture  - Urls, views and templates  - Template language  - Database Modeling, ORM  - Forms  - Authentication  - Deployment in the cloud  HTML and CSS for designing web pages  - HTML and its elements  - Forms for sending data  - HTML5 and semantic elements  - CSS and its selectors for content styling  - CSS properties  - Responsive design and dynamic layouts  - Effects and CSS animations  - Bootstrap  JavaScript for Front-end Programming  - Event Oriented Programming  - DOM manipulation  - JSON and APIs  - Single Page Applications", "ects": 6, "code": "ULHT260-11195", "year": 2, "image": "portfolio/fotos/pw.jpg", "degree": 2, "professors": [7, 8, 9]}}, {"model": "portfolio.competence", "pk": 1, "fields": {"name": "Programming"}}, {"model": "portfolio.competence", "pk": 2, "fields": {"name": "3D modelling"}}, {"model": "portfolio.competence", "pk": 3, "fields": {"name": "Web Development"}}, {"model": "portfolio.technology", "pk": 1, "fields": {"name": "C", "image": "portfolio/fotos/c.png", "link": "https://www.c-language.org/", "description": "C is a general-purpose high-level programming language suitable for low-level programming, in other words: a system programming language.  It stands out in terms of portability, interoperability, efficiency, and stability.", "level_of_interest": 5, "competences": [1]}}, {"model": "portfolio.technology", "pk": 2, "fields": {"name": "Java", "image": "portfolio/fotos/j.png", "link": "https://www.java.com/", "description": "Oracle Java is the #1 programming language and development platform.", "level_of_interest": 5, "competences": [1]}}, {"model": "portfolio.technology", "pk": 3, "fields": {"name": "Unity", "image": "portfolio/fotos/un.jpg", "link": "https://unity.com", "description": "Unity® is the world’s leading game engine, supported by the most successful game development community in history and powered by a system that ensures each decision is informed by what players love.", "level_of_interest": 4, "competences": [1, 2]}}, {"model": "portfolio.technology", "pk": 4, "fields": {"name": "Django", "image": "portfolio/fotos/dj.png", "link": "https://www.djangoproject.com/", "description": "Django is a high-level Python web framework that encourages rapid development and clean, pragmatic design.", "level_of_interest": 4, "competences": [3]}}, {"model": "portfolio.technology", "pk": 6, "fields": {"name": "HTML", "image": "portfolio/fotos/HTML5_logo_and_wordmark.svg.png", "link": "https://html.spec.whatwg.org/", "description": "HTML provides a means to create structured documents by denoting structural semantics for text such as headings, paragraphs, lists, links, quotes, and other items.", "level_of_interest": 5, "competences": [3]}}, {"model": "portfolio.technology", "pk": 7, "fields": {"name": "CSS", "image": "portfolio/fotos/css.png", "link": "https://www.w3.org/Style/CSS/Overview.en.html", "description": "Cascading Style Sheets (CSS) is a style sheet language used for specifying the presentation and styling of a document written in a markup language", "level_of_interest": 5, "competences": [3]}}, {"model": "portfolio.technology", "pk": 8, "fields": {"name": "GitHub", "image": "portfolio/fotos/gh.png", "link": "https://github.com/", "description": "GitHub is a cloud-based platform where you can store, share, and work together with others to write code", "level_of_interest": 5, "competences": [1]}}, {"model": "portfolio.technology", "pk": 9, "fields": {"name": "Git", "image": "portfolio/fotos/git.png", "link": "https://git-scm.com/", "description": "Git is a free and open source distributed version control system designed to handle everything from small to very large projects with speed and efficiency.", "level_of_interest": 4, "competences": [1]}}, {"model": "portfolio.project", "pk": 4, "fields": {"name": "Portfolio", "description": "A personal portfolio including education, skills, technologies and more", "subject": 6, "competences": [1, 3], "technologies": [4, 6, 7, 8, 9]}}, {"model": "portfolio.project", "pk": 5, "fields": {"name": "Ejemplo", "description": "Descripción ejemplo", "subject": 1, "competences": [1, 3], "technologies": [1, 2]}}, {"model": "portfolio.tfc", "pk": 1, "fields": {"title": "Abordagens não supervisionadas para deteção de reviews falsas em plataformas de e-commerce", "author": "Nuno Santinhos", "year": 2025, "description": "O crescimento do e-commerce trouxe um aumento significativo nas avaliações, que desempenham um papel determinante nas decisões de compra dos consumidores. Contudo, o fenómeno das fake reviews compromete a confiança nas plataformas digitais, prejudicando tanto os consumidores como as empresas. Este trabalho propõe a aplicação de técnicas de aprendizagem automatizada, como o algoritmo K-Means, e de modelos avançados baseados em redes neuronais, com o objetivo de identificar padrões associados a avaliações falsas. Recorrendo a um conjunto de dados da Amazon, recolhido entre 1996 e 2023, serão analisadas métricas comportamentais e linguísticas que possibilitam a distinção entre avaliações genuínas e falsas. Este estudo sublinha a relevância de métodos inovadores e integrados para enfrentar os desafios da manipulação de avaliações, promovendo um ambiente de comércio digital mais mais transparente e fiável.", "degree": 4}}, {"model": "portfolio.tfc", "pk": 2, "fields": {"title": "AdvenTour", "author": "Gonçalo Neves, Lucas Botelho", "year": 2025, "description": "Este trabalho propõe o desenvolvimento da aplicação mobile AdvenTour, focada no turismo de aventura, um segmento que tem registado um crescimento notável nos últimos anos. De acordo com relatórios da Organização Mundial do Turismo, cerca de 40% dos turistas globais procuram experiências autênticas e emocionantes, enquanto o mercado de turismo de aventura cresce a uma taxa anual aproximada de 10%. A AdvenTour visa ser uma plataforma centralizada para que os turistas planeiem e encontrem informações sobre aventuras radicais, oferecendo uma interface simples e intuitiva para explorar e partilhar atividades emocionantes. Adicionalmente, a AdvenTour fomenta uma comunidade global de aventureiros, permitindo avaliações de utilizadores, interação direta entre membros e criação de itinerários personalizáveis. Este TFC concentra-se na conceção e desenvolvimento de funcionalidades que ajudam os utilizadores a navegar por experiências em diferentes países, fornecer feedback e planear itinerários de forma prática e eficiente. Ao centralizar dados, facilitar o planeamento de viagens e conectar aventureiros, a AdvenTour resolve o problema real da dispersão de informações no turismo de aventura, simplificando o processo para viajantes que procuram experiências fora do comum e contribuindo para o crescimento sustentável do setor, promovendo atividades de aventura que respeitem o meio ambiente e as culturas locais. Pode ajudar a reduzir a sobrecarga dos destinos turísticos populares permitindo que as comunidades locais fora dos grandes centros turísticos beneficiem economicamente, promovendo uma distribuição mais equitativa dos lucros gerados pelo turismo de aventura.", "degree": 2}}, {"model": "portfolio.tfc", "pk": 3, "fields": {"title": "Aplicativo para gestão de voluntários e auxilio de associações de animais", "author": "Cátia Coelho", "year": 2025, "description": "Este projeto consiste no desenvolvimento de uma aplicação móvel, que posteriormente será convertida para uma plataforma web. A ideia central da aplicação é criar uma plataforma que facilite e incentive o envolvimento das pessoas com os animais das associações de proteção animal, promovendo uma maior interação e visibilidade tanto para os animais quanto para as instituições. A aplicação permitirá que as associações criem perfis onde poderão apresentar informações sobre si mesmas e individualmente sobre os seus animais disponíveis para interação. Os utilizadores, por sua vez, poderão criar um perfil e ter acesso aos animais, com a possibilidade de agendar diretamente atividades, como passeios com cães. Para garantir a segurança e o bem-estar dos animais, será necessário que os utilizadores aceitem e cumpram os termos de responsabilidade apresentados na aplicação, previamente estabelecidos pelas associações. Esta ferramenta visa eliminar barreiras comuns ao voluntariado, como a dificuldade de contacto telefónico ou a necessidade de deslocação sem garantia de disponibilidade. Através da aplicação, as associações receberão notificações de pedidos e comprometer-se-ão a responder dentro de um prazo razoável, mantendo o processo organizado e ágil. Os utilizadores também terão informações claras sobre o estado dos seus pedidos. Além de melhorar a logística e o acesso ao voluntariado, a aplicação promove uma maior socialização dos animais, ajudando-os a interagir com um maior número de pessoas. Este contacto regular com novos rostos pode ser especialmente benéfico para animais que passaram por situações de abandono ou maus-tratos, ajudando-os a recuperar a confiança nos humanos. Por fim, a aplicação coloca sempre o bem-estar dos animais em primeiro lugar, permitindo que cada associação decida o que é melhor para os seus protegidos, respeitando as suas particularidades. O objetivo final é simplificar o processo de envolvimento das pessoas com esta causa e fortalecer a relação entre a comunidade e as associações, contribuindo para o bem-estar dos animais e o aumento das iniciativas de apoio, voluntariado e adoção.", "degree": 3}}, {"model": "portfolio.tfc", "pk": 4, "fields": {"title": "Aplicação Móvel de Audiolivros Infantis", "author": "Tomás Silva, Carlota Montalvão", "year": 2025, "description": "Este TFC consiste no desenvolvimento e implementação de uma aplicação móvel destinada a disponibilizar audiolivros infantis, bem como a permitir a gravação de audiolivros ou até mesmo histórias imaginadas pelos pais. A oportunidade de criar esta aplicação surgiu em colaboração com a Associação Nacional de Glaucoma Pediátrico, que visa em apoiar as crianças com esta condição. A aplicação tem como objetivo beneficiar não só estas crianças, como também os seus familiares, oferecendo uma plataforma comunitária onde estes possam gravar audiolivros e partilhá-los numa biblioteca acessível através da mesma aplicação. O projeto abrange todo o ciclo de desenvolvimento de software, desde a conceção inicial até à sua implementação e aos testes finais. Um dos principais focos é garantir uma interface intuitiva e acessível para todos os futuros utilizadores. Com o desenvolvimento desta aplicação, esperamos proporcionar momentos significativos em família, realizados por todos para todos e, acima de tudo, contribuir para a inclusão social e educativa destas crianças.", "degree": 2}}, {"model": "portfolio.tfc", "pk": 5, "fields": {"title": "Aplicação de controlo de assiduidade c/ terminal de picagem", "author": "Daniel Martins", "year": 2025, "description": "Aplicação web para efetuar o registo de assiduidade e submissão de documentos (justificação de falta, permuta de turno, atestados) + terminal físico para realização de picagem (\"pica-ponto\").", "degree": 2}}, {"model": "portfolio.tfc", "pk": 6, "fields": {"title": "Aplicação de técnicas de análise de dados para deteção de fugas e roturas em sistemas de distribuição de água", "author": "Wilson Silva", "year": 2025, "description": "A criação de zonas de medição e controlo em sistemas de distribuição de água é fundamental para uma gestão adequada e controlo de perdas de água. A monitorização de caudal é um passo essencial para deteção e controlo célere de perdas reais (fugas, roturas em condutas…). Este trabalho pretende explorar métodos estatísticos e de análise de dados para deteção e quantificação de fugas e roturas utilizando séries temporais de caudal medido reais. Trabalho coorientado pela Eng. Dália Loureiro (LNEC).", "degree": 2}}, {"model": "portfolio.tfc", "pk": 7, "fields": {"title": "Aplicação móvel para rastreio da hepatite C", "author": "Miguel Santos, Ana Salvador", "year": 2025, "description": "Conceção e desenvolvimento de uma aplicação móvel em colaboração com a Associação Ares do Pinhal, uma instituição com vasta experiência no apoio a pessoas com dependências. A aplicação tem como objetivo melhorar a monitorização e a adesão ao tratamento da hepatite C, especialmente para utentes com historial de toxicodependência. Focada na recolha e gestão eficiente de dados, a solução proposta visa apoiar os profissionais de saúde na prestação de cuidados mais precisos e personalizados, ao mesmo tempo que se prepara para ser adaptável a outras patologias.", "degree": 2}}, {"model": "portfolio.tfc", "pk": 8, "fields": {"title": "Aplicação móvel para recomendação de carruagens de comboios e metros com base em informação de ocupação", "author": "Susana Wang", "year": 2025, "description": "Este projeto consiste no desenvolvimento de uma aplicação relacionada com o sistema de comboios que recomenda ao utilizador uma carruagem do comboio com a menor percentagem de lotação de pessoas, promovendo uma distribuição mais equilibrada dos passageiros ao longo do comboio e com o objetivo de melhorar a experiência de mobilidade dos passageiros. Além disso, a aplicação sugere opções de comboios disponíveis com base na origem e no destino indicados pelo utilizador, permitindo um planeamento de viagem mais eficiente e personalizado.", "degree": 2}}, {"model": "portfolio.tfc", "pk": 9, "fields": {"title": "Aplicação móvel para registo e acompanhamento de queixas de mobilidade urbana", "author": "Rui Ferreira", "year": 2025, "description": "O QueixaAqui é uma aplicação móvel focada no registo e encaminhamento de queixas relacionadas com mobilidade e proteção do ambiente. A plataforma permite que os utilizadores denunciem problemas, anexem fotos e forneçam informações detalhadas sobre as ocorrências. A aplicação conta com uma funcionalidade de geolocalização, capturando automaticamente a morada da queixa, permitindo edição manual se necessário. Além disso, há uma dashboard web para a equipa da associação ZERO, onde as queixas são analisadas, categorizadas e acompanhadas através de estatísticas interativas e gráficos detalhados. Os principais tópicos da aplicação incluem: – Mobilidade (Transportes Públicos, Infraestruturas Rodoviárias e Ferroviárias, Mobilidade Ativa) – Proteção do Ambiente (como eixo complementar) A implementação técnica inclui um backend em Kotlin/Spring Boot e um frontend desenvolvido em Flutter para garantir compatibilidade com Android e iOS. O projeto também integra um sistema de envio e armazenamento de fotos, organizando-as em diretórios específicos no servidor. A proposta visa facilitar o contacto entre cidadãos e entidades responsáveis, promovendo transparência, participação cívica e melhorias urbanas.", "degree": 2}}, {"model": "portfolio.tfc", "pk": 10, "fields": {"title": "Aplicação para identificação de competências de diretores e alunos da Univ. Lusófona", "author": "Miguel Melo, Rodrigo Dias", "year": 2025, "description": "O docente Carlos Rouco juntamente com as mestrandas Paula Cipriano e Elisabete Cipriano propuseram ao Departamento de Recursos Humanos da Universidade o desenvolvimento de uma aplicaçãoweb no âmbito das teses demestrado que fizeram sobre as competências dos alunos e as competências de liderança nas áreas de chefia intermédia. Esta aplicação tem como principal objetivo auxiliar na recolha de respostas e a automatização da análise dessas competências. A aplicação será desenvolvida utilizando Kotlin e Spring, com uma base de dados em MySQL. O sistema utilizará a autenticação da Universidade Lusófona, diminuindo a dificuldade de implementação e garantindo a utilização reservada a utilizadores registados na Universidade. A solução baseia-se em três modos principais de utilização: • Modo de Aluno: permite o preenchimento de formulários com questões de escolha múltipla e a visualização do progresso nas avaliações feitas. • Modo de Colaborador (Chefias Intermédias): permite o preenchimento de formulários com respostas abertas onde as competências serão analisadas através de técnicas de Processamento de Linguagem Natural (NLP). • Modo de Recursos Humanos (RH): oferece funcionalidades para visualizar resultados médios, tanto de alunos como de colaboradores, e exportar os dados para investigações futuras. Com este projeto, pretende-se proporcionar uma ferramenta prática e eficiente para recolher e analisar os dados. A aplicação proporciona uma maneira prática de visualização do progresso dos alunos e colaboradores. Também abre as portas ao Departamento de Recursos Humanos para possíveis melhorias dentro da instituição e dos seus serviços.", "degree": 2}}, {"model": "portfolio.tfc", "pk": 11, "fields": {"title": "Aplicações móveis para reabilitação", "author": "Mariana Livramento", "year": 2025, "description": "O Centro de Medicina de Reabilitação de Alcoitão é o mais importante centro de reabilitação da península ibérica. Este Trabalho de Fim de Curso (TFC) tem como objetivo dar continuidade ao desenvolvimento de 2 aplicações móveis: o Rehabilita (para treino de reabilitação motora) e o Rexiga (para treino de bexiga neurogénica). Ambas as aplicações estão desenvolvidas em Flutter, uma tecnologia que permite a criação de soluções multiplataforma para Android e iOS). Estas comunicam via Web Services com o servidor (Spring Boot/Kotlin). As aplicações apresentam dois perfis distintos, sendo que, dependendo das credenciais inseridas, os utilizadores são direcionados para o perfil que se adequa às suas necessidades e funções.", "degree": 2}}, {"model": "portfolio.tfc", "pk": 12, "fields": {"title": "Auto Mecom Website ( Oficina de Reparação de Automóveis )", "author": "Beatriz Neves", "year": 2025, "description": "Este trabalho final de curso tem como propósito a melhoria do website da oficina Auto Mecom, iniciado no ano anterior, de forma que seja possível otimizar a experiência do utilizador e expandir algumas funcionalidades necessárias para o bom funcionamento do website. Apesar do trabalho anterior ter iniciado a digitalização da oficina em questão, ainda existem algumas funcionalidades por implementar, funcionalidades essas que irão permitir que finalmente o website seja lançado de forma a poder ser utilizado.", "degree": 2}}, {"model": "portfolio.tfc", "pk": 13, "fields": {"title": "Cibersegurança associada aos RPA", "author": "Rafael Silva, Henrique Franco", "year": 2025, "description": "A proposta do trabalho é utilizar a automação de processos (RPA) para detectar as ultimas vulnerabilidades dos sistemas organizacionais reportadas, obter os patch de segurança, submeter para atualização dos sistemas e adicionalmente efetuar a automação da detecção de Acessos Não Autorizados e consequente resposta a ameaças.", "degree": 2}}, {"model": "portfolio.tfc", "pk": 14, "fields": {"title": "Classificação de Pacientes e Previsão de Tempos de Espera para Centro Hospitalar através de modelos Machine Learning", "author": "Ana Toscano", "year": 2025, "description": "Este trabalho é desenvolvido no âmbito da unidade curricular Trabalho Final de Curso (TFC) da Licenciatura de Ciência de Dados. A Engenheira Mariana Matos, Diretora da Unidade de Gestão de Doentes do Centro de Medicina de Reabilitação de Alcoitão (CMRA), Santa Casa da Misericórdia de Lisboa, entrou em contato com a Professora Iolanda Velho, propondo a cooperação científica na base deste TFC. O CMRA dedica-se à reabilitação de pessoas portadoras de deficiência de predomínio físico ou multideficiência congénita, de todas as idades. No ano de 2020 recebeu 665 utentes tratados em internamento, além de ter realizado 72 859 atos terapêuticos em ambulatório. Dada a amplitude do atendimento realizado pelo CMRA e a sua procura pela excelência em reabilitação, a instituição aposta no desenvolvimento tecnológico dos seus processos. Através da utilização de técnicas de Machine Learning para apoiar a gestão hospitalar, este projeto tem como objetivos: • realizar a análise de dados, cedidos pelo CMRA • desenvolver um modelo preditivo, que permita antecipar o tempo de espera de doentes que chegam ao CMRA, para internamento, ou ambulatório • no âmbito deste modelo preditivo, caracterizar o referido tempo de espera, em função da sua patologia, e área clínica do CMRA a que se refere.", "degree": 4}}, {"model": "portfolio.tfc", "pk": 15, "fields": {"title": "Classificação do estado de funcionamento de uma eólica offshore recorrendo  a AI", "author": "Tiago Castro Mota", "year": 2025, "description": "Nos últimos anos, a Europa aumentou significativamente os seus investimentos em en- ergias renováveis, impulsionada pela necessidade de reduzir a dependência de com- bustíveis fósseis, cumprir as metas climáticas e reforçar a resiliência energética. Com os mercados globais de energia a enfrentar volatilidade, fontes de energia renovável como a eólica e a solar desempenham um papel crucial na garantia de um futuro en- ergético sustentável e independente para o continente. Os parques eólicos offshore, em particular, tornaram-se um pilar da estratégia europeia para as energias renováveis, ofer- ecendo um enorme potencial devido aos vastos recursos de vento disponíveis ao longo das suas costas. Projetos como o WindFloat Atlantic, localizado ao largo da costa de Viana do Castelo, em Portugal, são exemplos desta transição, demonstrando a cres- cente importância da energia eólica offshore no mix energético europeu. Um aspeto crucial para maximizar a eficiência e a sustentabilidade destes projetos renováveis é garantir a operação fiável das turbinas eólicas offshore. Práticas eficientes de operação e manutenção (O&M) são essenciais para prevenir paragens das turbinas, reduzir custos operacionais e otimizar a produção de energia. Contudo, devido ao ambi- ente remoto e adverso onde estas instalações estão localizadas, monitorizar e prever o estado de funcionamento das turbinas apresenta desafios únicos. Este trabalho procura responder a esta necessidade, propondo uma abordagem ino- vadora para prever o estado operacional das três turbinas do cluster WindFloat Atlantic, utilizando dados de código aberto e imagens de satélite avançadas. Tirando partido dos dados de alta resolução fornecidos pelo SENTINEL-2, parte do programa europeu de observação terrestre Copernicus, juntamente com informações da European Network of Transmission System Operators for Electricity (ENTSO-E), o algoritmo desenvolvido per- mitirá previsões mais precisas do desempenho das turbinas. Este modelo tem como objetivo fornecer informações valiosas que possam melhorar as estratégias de O&M, assegurando a fiabilidade e eficiência a longo prazo destes ativos críticos de energia renovável. Ao utilizar estas fontes de dados de código aberto, esta investigação contribui para melhorar a sustentabilidade e a resiliência operacional da energia eólica offshore, apoiando os objetivos mais amplos da Europa de independência energética e responsabilidade am- biental.", "degree": 2}}, {"model": "portfolio.tfc", "pk": 16, "fields": {"title": "Comparação de Estratégias de Marketing Digital Baseadas em Redes Sociais para Pequenas e Médias Empresas (PMEs)", "author": "Perla Lima", "year": 2025, "description": "Este trabalho analisa comparativamente as estratégias de marketing digital em redes sociais para Pequenas e Médias Empresas (PMEs), com foco nas ferramentas publicitárias Facebook Ads, Instagram Ads e TikTok Ads. Utilizando métricas como envolvimento, cliques, conversões e custo por lead, avalia-se a eficácia de cada plataforma em termos de custo-benefício e retorno sobre o investimento (ROI). A pesquisa combina a revisão de literatura com a análise de campanhas simuladas e reais, empregando ferramentas disponibilizadas pelas respetivas plataformas das redes socias e softwares de análise de dados para identificar como variáveis como orçamento e público-alvo influenciam os resultados. Os principais resultados destacam a importância de estratégias personalizadas e apontam recomendações práticas para que PMEs otimizem os seus recursos, maximizem resultados e escolham plataformas adequadas ao seu tipo de produto, público-alvo e orçamento. O estudo contribui para a compreensão académica e prática do impacto das redes sociais no desempenho de campanhas digitais.", "degree": 3}}, {"model": "portfolio.tfc", "pk": 17, "fields": {"title": "Configurador Software Aviónico  e gerador de código fonte", "author": "Ricardo Costa Lopes", "year": 2025, "description": "Este projeto tem como referência um projeto do ano anterior, que se pretende dar continuidade. Assim como no ano passado o projeto mantém o objetivo de aprimorar a configuração de sistemas aviónicos espaciais, especificamente no contexto do Integrated Modular Avionic (IMA) e da arquitetura do software AIR desenvolvido pela empresa GMV. A solução atualmente proposta pretende dar continuidade, efetuado o desenvolvimento de uma Interface Gráfica Avançada (IGA) que redefine os padrões de eficiência, segurança e conformidade na configuração de sistemas espaciais. Pretende-se que o IGA seja intuitivo e centrado na usabilidade, proporcionando uma experiência eficaz mesmo para utilizadores com conhecimentos técnicos limitados. A principal funcionalidade da IGA é a geração automática de código-fonte com base nas configurações modeladas na interface. Isso não apenas otimiza o processo de configuração, mas também garante a precisão e a conformidade com as melhores práticas de programação.", "degree": 2}}, {"model": "portfolio.tfc", "pk": 18, "fields": {"title": "Dashboard para Monitorização em Tempo Real da Produção e Consumo de Energia no Campus", "author": "Francisco Lucas", "year": 2025, "description": "Desenvolver um dashboard que mostre a produção de energia pelos painéis fotovoltaicos e o consumo de energia no campus, fornecendo uma visão clara e prática do estado energético da instituição e indicadores de desempenho. O dashboard devia apresentar indicadores acumulados de contadores de energia, uma análise de desempenho (mal, bom, preciso de melhorar), histórico e tendências e poupanças financeiras estimados. O dashboard é para sensibilizar as pessoas no campus para a energia eficiente.", "degree": 2}}, {"model": "portfolio.tfc", "pk": 19, "fields": {"title": "Desenvolvimento em plataforma LowCode", "author": "Rodrigo Rodrigues, João Ferreira", "year": 2025, "description": "Compreender BD e Plataformas lowcode Desenhar e criar BD relacional Desenhar e desenvolver aplicação em lowcode Conceitos como autenticação, autorização, acessibilidade, responsivo", "degree": 2}}, {"model": "portfolio.tfc", "pk": 20, "fields": {"title": "Design and Implementation of a 6G Testbed for Pilot Planning", "author": "Luisa Ferreira", "year": 2025, "description": "Establish a robust testing environment to evaluate and validate various 6G network technologies and use cases, ensuring that key features such as dynamic trust, continuous security monitoring, and intelligent edge computing are effectively integrated and assessed.", "degree": 2}}, {"model": "portfolio.tfc", "pk": 21, "fields": {"title": "Deteção de Microplásticos", "author": "Damien Nazário", "year": 2025, "description": "Neste trabalho final de curso, propõe-se o desenvolvimento de um modelo computacional para a deteção de microplásticos em amostras de água. A metodologia adotada assenta na implementação de algoritmos de processamento de imagem, concebidos para identificar e classificar automaticamente partículas de microplásticos.", "degree": 4}}, {"model": "portfolio.tfc", "pk": 22, "fields": {"title": "DigiDoc – app inteligente de gerenciamento de documentos", "author": "Bruno Ramos", "year": 2025, "description": "DigiDoc é uma aplicação móvel desenvolvida pelo aluno licenciado em engenharia informática, Bruno Ramos, focada na gestão digital de documentos pessoais. O utilizador pode escolher um tipo de documento (como Cartão de Cidadão, Passaporte, etc.), digitalizá-lo através da câmara, e a app deteta automaticamente o documento na imagem, permitindo ajustar o recorte. Depois, realiza extração de texto (OCR) para facilitar a pesquisa por palavras-chave. A app ainda mapeia a data de validade dos documentos para enviar notificações. Também permite organizar documentos em dossiers associados a pessoas ou entidades, com proteção por código de acesso. Usa SQFLite como base de dados local.", "degree": 2}}, {"model": "portfolio.tfc", "pk": 23, "fields": {"title": "Disentanglement in multiparty conversation", "author": "Daniel Nascimento, Pedro Prata", "year": 2025, "description": "When confronted with multiple people interacting with each other there exists a need to separate and identify multiple conversations to participate in them. As online interactions increase, the ability to do the same within complex digital environments becomes critical for ensuring clarity and effective communication and analysis of dialogue. We address this challenge by analyzing the current best practices used, attempting potential improvements and studying the use of machine learning techniques to enhance the accuracy and efficiency of conversation disentanglement.", "degree": 2}}, {"model": "portfolio.tfc", "pk": 24, "fields": {"title": "Ferramenta de Anotação", "author": "Fábio Lopes", "year": 2025, "description": "Ferramenta de anotação personalizada de dados. Em diversas áreas de machine learning, há a necessidade de anotar dados para que depois possam ser utilizados em modelos. A ferramenta deverá anotar dados de conversas online com o objetivo de resolver um problema em NLP denominada \"disentanglement\". Anotações como estas exigem vários anotadores, pelo que a ferramenta deve ser capaz de calcular o nível de concordância (agreement) entre eles.", "degree": 2}}, {"model": "portfolio.tfc", "pk": 25, "fields": {"title": "Gestão de distribuição alimentar v2", "author": "Tiago Henrique Duarte Da Silva Jorge", "year": 2025, "description": "Ferramenta de gestão alimentar", "degree": 2}}, {"model": "portfolio.tfc", "pk": 26, "fields": {"title": "IMOinvestor: Inovação no Investimento Imobiliário (Back-end)", "author": "Akashpreet Singh, Gabriel Almeida", "year": 2025, "description": "Este Trabalho Final de Curso (TFC) centra-se no desenvolvimento de uma aplicação back end especializada para o setor imobiliário, direcionada às necessidades dos investidores. A proposta, desenvolvida em colaboração com a empresa IMOINVESTOR, procura colmatar uma lacuna significativa no mercado português, onde não existem soluções digitais adaptadas à análise e gestão de investimentos imobiliários. O sistema integra funcionalidades como o cálculo de retorno sobre o investimento (ROI), gestão de portfólios e propriedades, e acesso a dados fiscais e projeções de valorização. O desenvolvimento utiliza tecnologias robustas, como o Django REST Framework, garantindo escalabilidade, segurança e eficiência. A solução proposta visa centralizar informações cruciais e promover a democratização do acesso a ferramentas avançadas, contribuindo para decisões mais informadas no setor. A parceria com a IMOINVESTOR tem sido essencial para assegurar que a aplicação responde às necessidades reais do mercado, sendo validada com utilizadores reais. O projeto inclui ainda um plano rigoroso de testes para garantir a sua relevância e aplicabilidade. Este TFC tem como objetivo alcançar padrões de excelência, contribuindo para a transformação digital no mercado imobiliário em Portugal.", "degree": 2}}, {"model": "portfolio.tfc", "pk": 27, "fields": {"title": "IMOinvestor: Inovação no Investimento Imobiliário – (Front-end – App & Web)", "author": "José Vale, Daniel Rodrigues", "year": 2025, "description": "O ImoInvestor é uma plataforma digital inovadora desenvolvida para estabelecer um novo padrão para plataformas imobiliárias orientadas a investidores, no mercado português. Diferentemente das soluções tradicionais, que se concentram nos consumidores finais, o ImoInvestor foca-se em fornecer ferramentas avançadas e personalizadas para apoiar decisões estratégicas no setor imobiliário. Funcionalidades como filtros avançados para imóveis com elevado retorno sobre investimento (ROI), gráficos interativos de projeção financeira e relatórios personalizados distinguem esta aplicação, promovendo uma abordagem eficiente e orientada para dados. Este trabalho foca-se no desenvolvimento do front-end, responsável por criar uma interface intuitiva e funcional que simplifica a apresentação de informações complexas e otimiza a experiência do utilizador.", "degree": 2}}, {"model": "portfolio.tfc", "pk": 28, "fields": {"title": "IMOinvestor: Inovação no Investimento Imobiliário – (Front-end – App & Web)", "author": "José Maria Chaves Da Cunha De Lucena, Vale, Daniel Da Conceição Rodrigues", "year": 2025, "description": "IMOinvestor é uma plataforma digital projetada para transformar o modo como os investidores acessão e gerenciam oportunidades no mercado imobiliário. Este projeto visa desenvolver uma solução tecnológica que permita aos usuários explorar, analisar e investir em imóveis de maneira eficiente e informativa. Através de uma interface intuitiva, IMOinvestor proporcionará ferramentas de pesquisa avançada, detalhes completos dos imóveis, e um sistema de gestão de investimentos integrado.", "degree": 2}}, {"model": "portfolio.tfc", "pk": 29, "fields": {"title": "Identificação de arritmias via app", "author": "Sebastião Coelho", "year": 2025, "description": "O objetivo do trabalho é contribuir para a identificação precoce de arritmias através de um modelo de machine learning e integrar o mesmo numa aplicação móvel previamente desenvolvida capaz de fazer a leitura da frequência cardíaca através de uma técnica chamada Fotopletismografia, com o objetivo de prever eventos negativos.", "degree": 3}}, {"model": "portfolio.tfc", "pk": 30, "fields": {"title": "Interface Azure para ERP", "author": "Tiago Amaro", "year": 2025, "description": "Pretende-se criar uma solução baseada em micro-serviços que permita a integração de ERP empresarial, em particular na componente de Gestão de Recursos Humanos (GRH), com plataforma Microsoft Azure de modo a gerir utilizadores desta de forma transparente a partir da relação laboral. O desenvolvimento será focado em Entra ID e MS365, mas poderá evoluir para funcionalidades mais avançadas", "degree": 3}}, {"model": "portfolio.tfc", "pk": 31, "fields": {"title": "Interface Azure para ERP", "author": "Tiago Amaro", "year": 2025, "description": "Pretende-se criar uma solução baseada em micro-serviços que permita a integração de ERP empresarial, em particular na componente de Gestão de Recursos Humanos (GRH), com plataforma Microsoft Azure de modo a gerir utilizadores desta de forma transparente a partir da relação laboral. O desenvolvimento será focado em Entra ID e MS365, mas poderá evoluir para funcionalidades mais avançadas", "degree": 3}}, {"model": "portfolio.tfc", "pk": 32, "fields": {"title": "IoT Lab2.0 – CGI – Indústria", "author": "Ricardo Borges, Samir Natvarlal", "year": 2025, "description": "(Continuidade de TFC de 2023/24) \"IoT-Internet of Things Lab\" baseado em duas maquetes funcionais com o objetivo de materializar a Internet das Coisas em algo \"físico e real\". Demonstrando que o valor do conceito se materializa através de sinergias obtidas num ecossistema de tecnologias integradas e é maior que as partes separadamente. Desafio – Frontend (Operacional & Dashboarding) – Analítica e Machine Learning – Mobile com integração de realidade aumentada", "degree": 2}}, {"model": "portfolio.tfc", "pk": 33, "fields": {"title": "My Lessons : Gestão Inteligente de Escolas", "author": "Francisco Sousa", "year": 2025, "description": "Acredito profundamente que o tempo é o nosso recurso mais valioso e limitado, e que o ensino é a forma mais eficaz de transformar positivamente o mundo. Para concretizar plenamente este potencial, desenvolvi a plataforma My Lessons, uma solução digital inovadora e integrada que utiliza Inteligência Artificial para automatizar tarefas administrativas rotineiras, libertando tempo para educadores, líderes escolares e famílias se focarem no que realmente importa. Com uma abordagem centrada na simplicidade, personalização e integração estratégica, o My Lessons oferece desde gestão financeira simplificada, organização eficiente de aulas e eventos, relatórios automáticos de progresso, até comunicação automatizada e integração com ferramentas essenciais, como calendários digitais, Stripe, Twilio, YouTube e Google, garantindo uma gestão superior e uma experiência educativa enriquecedora para todos os utilizadores.", "degree": 2}}, {"model": "portfolio.tfc", "pk": 34, "fields": {"title": "NicePandora", "author": "Francisco Chambel", "year": 2025, "description": "O Pandora é uma plataforma educacional inovadora que utiliza inteligência artificial para melhorar a avaliação e compreensão de código em ambientes de aprendizagem. Este sistema foi projetado para resolver problemas enfrentados por professores e alunos durante processos de avaliação em disciplinas de programação, proporcionando feedback detalhado, contextualizado e adaptado ao nível de competência do utilizador. A solução implementa funcionalidades avançadas, como a análise de código comparativa entre submissões de alunos e códigos de referência, exibição de mensagens de erros detalhadas, e relatórios de progresso para professores. Além disso, o Pandora oferece personalização no feedback, incluindo dicas ajustadas, validação estrutural de código e uma interface intuitiva que facilita a navegação e a usabilidade por parte de novos utilizadores. No desenvolvimento, priorizou-se uma abordagem modular e escalável, permitindo integração com ferramentas educacionais existentes e suporte a múltiplas linguagens de programação. Foram realizados testes em ambiente controlado para validar a eficácia das funcionalidades propostas, demonstrando resultados promissores na melhoria da aprendizagem e eficiência na correção de códigos. Com potencial para ser implementado em larga escala, o Pandora atende aos critérios de um produto viável mínimo, validando os conceitos propostos e destacando-se como uma solução prática e eficiente para desafios reais no ensino de programação. A plataforma está pronta para evoluir para ambientes de produção, demonstrando grande impacto.", "degree": 3}}, {"model": "portfolio.tfc", "pk": 35, "fields": {"title": "OP – Opening Doors", "author": "Guilherme Ribeiro", "year": 2025, "description": "O projeto consiste na criação de um sistema para controlo remoto de portas utilizando um servidor Flask e um Arduino Uno WiFi. O servidor Flask é responsável por gerir os utilizadores e as portas através de uma API REST, permitindo: – Registar utilizadores e armazenar credenciais encriptadas. – Criar e gerir portas associadas a cada utilizador. – Enviar comandos ao Arduino para abrir ou fechar portas. A comunicação entre o Flask e o Arduino é feita através da porta serial (USB). Quando um utilizador solicita a abertura de uma porta, o servidor envia um comando ao Arduino, que recebe a instrução e aciona um LED (ou uma fechadura, numa versão avançada). A base de dados SQLite armazena os utilizadores e as portas associadas. Cada porta tem um estado (\"aberta\" ou \"fechada\") e um canal de comunicação definido. O Arduino Uno WiFi está programado para: 1. Ler comandos recebidos pela porta serial. 2. Acionar o LED interno como indicador de estado. 3. Responder ao servidor Flask com mensagens de confirmação. Este projeto pode ser expandido para integrar fechaduras eletrónicas reais, autenticação de utilizadores e comunicação via WiFi em vez de USB.", "degree": 2}}, {"model": "portfolio.tfc", "pk": 36, "fields": {"title": "Plataforma MentHA Digital, Mental Health and Aging", "author": "Tomás Nave, André Jesus", "year": 2025, "description": "O Projeto MentHA (Mental Health and Aging) tem como objetivo desenvolver e otimizar uma aplicação Web destinada a melhorar o bem-estar e a qualidade de vida de adultos mais velhos com défice cognitivo, demência leve ou transtornos dissociativos de identidade, bem como apoiar os seus cuidadores formais e informais, promovendo a saúde mental na comunidade.", "degree": 2}}, {"model": "portfolio.tfc", "pk": 37, "fields": {"title": "Plataforma de Cibersegurança Inteligente", "author": "Miguel Loureço, Vasco Pereira", "year": 2025, "description": "Plataforma que recolhe toda a informação dos vários ativos de uma empresa (servidores, PCs, switches, routers, etc) para permitir ter toda a visão de cadastro, bem como analisar dados de rede interna e externa sobre uma empresa. Esta plataforma permite desta forma analisar vulnerabilidades e realizar análises inteligentes de prevenção a ataques.", "degree": 2}}, {"model": "portfolio.tfc", "pk": 38, "fields": {"title": "Plataforma de E-commerce Shopify", "author": "Bruno Rodrigues, Tânia Magalhães", "year": 2025, "description": "O presente Trabalho Final de Curso (TFC) tem como objetivo demonstrar a construção de uma loja online, Infinity, através da utilização da plataforma Shopify. Pretende-se criar uma solução capaz de acompanhar o crescimento do mercado de e-commerce, bem como oferecer uma proposta inovadora que combina a personalização da loja, através da integração de novas tecnologias como a Inteligência Artificial, e a incorporação de redes sociais, para fortificar a relação com o cliente. O relatório demonstra uma análise detalhada do mercado de e-commerce comparando soluções existentes, como: Shopify, Woocommerce, VTEX, Salesforce Commerce Cloud e Adobe Commerce. Recorrendo aos dados obtidos nesta análise, identificam-se lacunas e oportunidades que justificam a relevância e pertinência do projeto. Para uma melhor abordagem do problema acima referido foram combinados diversos conceitos adquiridos ao longo da licenciatura, relacionados com o planeamento de projeto, desde a recolha e análise de requisitos até à realização de testes de validação.", "degree": 3}}, {"model": "portfolio.tfc", "pk": 39, "fields": {"title": "Plataforma de Low-Code", "author": "Rodrigo Rodrigues, João Ferreira", "year": 2025, "description": "OBJETIVO: desenvolvimento de aplicações baseadas em plataforma lowcode. modelação de dados, desenho de fluxos aplicacionais, SQL e de rotinas plsql, javascript, workspaces. PLANO RESUMO: Compreender BD e Plataformas lowcode Desenhar e criar BD relacional Desenhar e desenvolver aplicação em lowcode Conceitos como autenticação, autorização, acessibilidade, responsivo", "degree": 3}}, {"model": "portfolio.tfc", "pk": 40, "fields": {"title": "Plataforma de Monitorização de Albufeiras", "author": "Ricardo Gonçalves, Ricardo Piedade", "year": 2025, "description": "A proposta de projeto WATER-WISE (Plataforma Geoespacial para Gestão Inteligente da Água), que neste momento se encontra em avaliação, tem como objetivo dar resposta às necessidades de gestores de recursos hídricos, agricultores e investigadores, através de soluções e ferramentas capazes de gerir os recursos hídricos e as práticas agrícolas. O foco principal deste projeto é desenvolver uma aplicação web, com a função de integrar e processar dados provenientes de diversas fontes e posteriormente apresentá-los de uma forma visual e dinâmica, para apoiar estas mesmas necessidades. Esta aplicação irá recolher e processar dados provenientes de outros grupos do projeto, como: medições no terreno, dados de telemetria, análises de modelos preditivos, projeções climáticas e previsões meteorológicas. Esses modelos permitem simular cenários como balanços hídricos, dinâmicas de bacias hidrográficas e condições dos reservatórios, oferecendo informações que ajudam a prever necessidades futuras e a identificar potenciais riscos. A integração destes criará uma aplicação capaz de proporcionar aos utilizadores uma visão clara e detalhada da situação atual e da disponibilidade dos recursos hídricos. Sobre as funcionalidades principais que vão estar disponíveis na aplicação, a mesma contará com: visualização de dados através de dashboards, gráficos, mapas e séries temporais interativos, possibilitando que os utilizadores façam a sua análise da forma que pretenderem. Terá também sistemas de alerta através de ML, com o objetivo de notificar os utilizadores sobre condições específicas, como situações de seca agrícola ou níveis baixos de água. Estas funcionalidades facilitam a gestão dos recursos disponíveis. Com uma interface intuitiva e fácil de usar, a aplicação estará disponível em português, inglês e espanhol, garantindo que os parceiros do projeto Europeu possam utilizar a mesma sem qualquer problema. Garantir essa acessibilidade e disponibilidade é bastante importante, pois reflete o compromisso deste projeto com a disponibilização fácil da informação e das soluções. O projeto Water-Wise será realizado com o intuito de promover e adaptar a utilização deste tipo de ferramentas, sendo assim, uma solução flexível e inovadora que ajudará tanto os agricultores como todos os utilizadores que necessitarem da informação tratada e disponibilizada pelo mesmo, promovendo uma melhor tomada de decisão face às mudanças climáticas previstas.", "degree": 2}}, {"model": "portfolio.tfc", "pk": 41, "fields": {"title": "Plataforma e-commerce Shopify", "author": "Bruno Gonçalo Branco Rodrigues, Tania Andreia Magalhaes", "year": 2025, "description": "Pretende-se desenvolver um conjunto alargado de plataformas de e-commerce B2C e B2B com integrações com redes sociais, Google ads, plataformas de pagamentos entre outros.", "degree": 2}}, {"model": "portfolio.tfc", "pk": 42, "fields": {"title": "Power Platform Digital Transformation", "author": "Ricardo Alexandre Gonçalves", "year": 2025, "description": "O projeto centra-se na modernização dos sistemas de radiocomunicações de uma entidade, através da implementação de um novo portal baseado em tecnologias da Microsoft e Power Platform. Esta solução visa substituir soluções já existentes, e promover a digitalização de processos, explorando tendências tecnológicas emergentes por intermédio de ferramentas Low-Code. A nova plataforma está a ser concebida com um design moderno e compatível com os sistemas existentes, enquanto a mesma trabalha na organização unificada das funcionalidades que guiarão a estrutura do portal. A plataforma representa uma abordagem inovadora ao desenvolvimento de soluções digitais, democratizando o acesso à criação de aplicações através de ferramentas Low-Code. Estas funcionalidades permitem acelerar o desenvolvimento, oferecer personalização e aumentar a eficiência dos processos. A plataforma foi testada e validada em ambiente de produção, demonstrando vantagens significativas, especialmente para pequenas e médias empresas, ao reduzir custos e superar barreiras no acesso a tecnologias avançadas. Os resultados obtidos evidenciam o potencial transformador das plataformas Low-Code no contexto organizacional, destacando o seu contributo para a digitalização, a eficiência e a inovação tecnológica. O projeto não só procura a criação de soluções escaláveis e adaptáveis, como também reforçou o papel estratégico destas tecnologias na modernização empresarial e institucional. Esta abordagem revela-se de elevado valor para o mercado, ao abrir novas possibilidades para o desenvolvimento tecnológico de organizações com diferentes dimensões e necessidades.", "degree": 2}}, {"model": "portfolio.tfc", "pk": 43, "fields": {"title": "Rede Social para a Comunidade Universitaria", "author": "Francisco Gomes, Mário Valentino", "year": 2025, "description": "Este TFC consiste em desenvolver uma WebApp e uma aplicação móvel que permitam aos estudantes universitários expor e partilhar os seus trabalhos/atividades da vida académica, criar e personalizar os seus portfólios/perfis, com a possibilidade de integrar um marketplace para venda dos trabalhos ou merchandising.", "degree": 3}}, {"model": "portfolio.tfc", "pk": 44, "fields": {"title": "Segmentação de incêndios florestais", "author": "Francisco Perpétuo Alves", "year": 2025, "description": "Os incêndios florestais constituem um dos desastres naturais mais devastadores, causando impactos ambientais, sociais e económicos significativos. Estes eventos ameaçam ecossistemas inteiros, comprometem a biodiversidade, colocam vidas humanas e animais em risco e contribuem para o agravamento das alterações climáticas devido à emissão de gases com efeito de estufa. Assim, a deteção precoce e eficiente de incêndios é essencial para mitigar os seus danos e permitir intervenções rápidas e eficazes. O desenvolvimento de incêndios florestais ocorre em duas fases principais: a emissão de fumo, que é o primeiro indicador visível do início de uma combustão, e, posteriormente, o aparecimento de chamas, que marcam um estado mais avançado e perigoso do fogo. A deteção de fumo é particularmente desafiante devido à sua natureza translúcida e à dispersão em condições ambientais adversas, como ventos ou luminosidade variável. Por outro lado, o fogo é mais fácil de identificar, mas quando visível, normalmente já representa uma situação crítica. Assim, um sistema de deteção eficaz deve ser capaz de identificar tanto o fumo quanto o fogo para facilitar uma intervenção atempada. Esta trabalho propõe o desenvolvimento de um sistema avançado baseado em deep learning para a segmentação simultânea de fumo e fogo em imagens. Serão exploradas duas arquiteturas reconhecidas pela sua eficiência em tarefas de segmentação, a U-Net e a ResUNet, ambas capazes de realizar classificações pixel-a-pixel em cenários complexos. Os modelos serão treinados e avaliados utilizando dois conjuntos de dados: o Corsican, um dataset público, e o Gestosa, um dataset privado, ambos contendo imagens captadas por drones e sensores térmicos. O estudo também investigará a melhoria dessas arquiteturas por meio da otimização das funções de perda para aumentar a sua precisão e robustez, especialmente em condições ambientais desafiadoras. A otimização das arquiteturas visa melhorar a deteção de padrões complexos, como os contornos irregulares de fumo e fogo, e garantir uma maior eficácia em diferentes cenários. Espera-se que os resultados desta trabalho demonstrem a viabilidade e a eficácia de sistemas baseados em deep learning para a deteção precoce de incêndios florestais. Esta abordagem representa um avanço significativo ao combinar a identificação de fumo e fogo numa única solução, com potencial para transformar as estratégias de monitorização, resposta a emergências e preservação ambiental.", "degree": 4}}, {"model": "portfolio.tfc", "pk": 45, "fields": {"title": "Sistema Integrado de Gestão de Stocks", "author": "Fábio Tomé", "year": 2025, "description": "Este trabalho analisa o fluxo operacional e os desafios de gestão de stock de uma empresa localizada no MARL, dedicada à distribuição de frutas, hortícolas e legumes. Foram identificados problemas relacionados com a gestão manual de tabelas de stock em Excel, resultando em potenciais erros na contagem e na faturação. Como método, foi realizado um levantamento detalhado do funcionamento das operações da empresa, incluindo armazenamento, processamento em fábrica e vendas, bem como das entradas e saídas registadas nos sistemas de controlo. As principais conclusões incluem a necessidade de automatizar processos para reduzir erros, melhorar a rastreabilidade e otimizar os tempos de resposta, garantindo maior eficiência na operação e na satisfação dos clientes.", "degree": 3}}, {"model": "portfolio.tfc", "pk": 46, "fields": {"title": "Utilização de Inteligência Artificial no combate aos comportamentos aditivos e dependências", "author": "Afonso Amaral, João Carmona", "year": 2025, "description": "Em estreita colaboração com a Associação Ares do Pinhal (AdP), uma IPSS que tem como missão promover a inclusão social de pessoas com comportamentos aditivos e dependências centrada numa abordagem de redução de riscos e danos, neste trabalho pretende-se aplicar a inteligência artificial para analisar a grande quantidade de dados que a AdP é detentora, de modo a encontrar tendências e produzir insights relevantes no combate à toxicodependência e consequentes danos associados ao consumo.", "degree": 3}}, {"model": "portfolio.tfc", "pk": 47, "fields": {"title": "i-Inflation", "author": "Gonçalo Barata, Maria Inês Silva", "year": 2025, "description": "A inflação é um indicador económico crítico que afeta indivíduos, empresas e governos igualmente. Apesar da sua importância, muitas pessoas não têm uma compreensão clara de como a inflação é calculada e os fatores que contribuem para a mesma. O ob- jetivo deste projeto, i-Inflation, é desenvolver uma aplicação móvel e uma aplicação web que permita aos usuários colaborar e calcular com eficiência a inflação. A plataforma fornecerá ferramentas para diversas partes interessadas, detentores, incluindo economis- tas, decisores políticos e o público em geral, para se envolverem com dados de tempo real, de modo a melhorar a precisão dos cálculos de inflação e obter uma compreensão mais profunda das tendências económicas. O projeto consistirá em desenvolvimento frontend e backend, com ênfase em interfaces fáceis de usar, visualização de dados e colaboração em tempo real. Em última análise, o i-Inflation procura democratizar a análise económica, tornando os dados de inflação mais acessíveis e compreensíveis para um público mais amplo.", "degree": 4}}, {"model": "portfolio.tfc", "pk": 48, "fields": {"title": "iEquus", "author": "Duarte Chen", "year": 2025, "description": "Este TFC, surge em parceria com a Faculdade de Medicina Veterinária da Universidade Lusófona e pretende desenvolver uma aplicação móvel para saber o estado de saúde do cavalo. A aplicação está desenvolvida para Android e iOS e é ser capaz de capturar e guardar imagens, fazer o seu processamento e devolver ao utilizador o Body Score associado ao equí­deo, bem como uma estimativa do peso.", "degree": 2}}, {"model": "portfolio.education", "pk": 1, "fields": {"name": "Bachillerato de Ciencias", "start_year": 2021, "end_year": 2023}}, {"model": "portfolio.education", "pk": 2, "fields": {"name": "Doble Grado en Matemática Computacional e Ingeniería del Software", "start_year": 2023, "end_year": 2028}}, {"model": "portfolio.makingof", "pk": 1, "fields": {"name": "Model notes (1)", "description": "Initial plan for the models of Degree, Professor, Subject and Project", "picture": "making_of/notes-1.jpg"}}, {"model": "portfolio.makingof", "pk": 2, "fields": {"name": "Model notes (2)", "description": "Initial plan for the model of Technology, TFC, Competence, Education, MAkingOf and Language", "picture": "making_of/notes-2.jpg"}}, {"model": "portfolio.makingof", "pk": 3, "fields": {"name": "ER diagram", "description": "ER diagram of the final schema", "picture": "making_of/er.jpg"}}, {"model": "portfolio.makingof", "pk": 4, "fields": {"name": "Details pages", "description": "I decided to add a page for the details of each project, technology, competence and education, in order to make it easier to make CRUD operations. I also added the edit and delete buttons here", "picture": "making_of/det.png"}}, {"model": "portfolio.makingof", "pk": 5, "fields": {"name": "New entries", "description": "I added the link to the new entry form in the page that shows all entries", "picture": "making_of/new.png"}}, {"model": "portfolio.makingof", "pk": 6, "fields": {"name": "MVT Model", "description": "The drawing I made for explaining the MVT model", "picture": "making_of/mvt.jpeg"}}, {"model": "portfolio.makingof", "pk": 7, "fields": {"name": "Application map", "description": "Created a basic map with all of the pages", "picture": "making_of/map.png"}}, {"model": "portfolio.language", "pk": 4, "fields": {"name": "Spanish", "level": "Native"}}, {"model": "portfolio.language", "pk": 5, "fields": {"name": "English", "level": "C1"}}, {"model": "portfolio.language", "pk": 6, "fields": {"name": "Portuguese", "level": "B1"}}, {"model": "recipes.ingredient", "pk": 1, "fields": {"name": "papas"}}, {"model": "recipes.ingredient", "pk": 2, "fields": {"name": "alioli"}}, {"model": "recipes.recipe", "pk": 1, "fields": {"name": "papas alioli", "ingredients": [1, 2]}}, {"model": "recipes.user", "pk": 1, "fields": {"name": "Luis", "favorites": [1]}}, {"model": "school.professor", "pk": 1, "fields": {"name": "Pedro Perdigão", "email": "pedro.perdigao@ulusofona.pt"}}, {"model": "school.professor", "pk": 2, "fields": {"name": "Luis Sousa", "email": "luis.sousa@ulusofona.pt"}}, {"model": "school.professor", "pk": 3, "fields": {"name": "Lucio Studer", "email": "lucio.studer@ulusofona.pt"}}, {"model": "school.professor", "pk": 4, "fields": {"name": "Ricardo Santos", "email": "ricardo.santos@ulusofona.pt"}}, {"model": "school.student", "pk": 1, "fields": {"name": "Pedro Santos", "number": "a22510503"}}, {"model": "school.student", "pk": 2, "fields": {"name": "Inês Ferreira", "number": "a22510502"}}, {"model": "school.student", "pk": 3, "fields": {"name": "Ricardo Almeida", "number": "a22510501"}}, {"model": "school.student", "pk": 4, "fields": {"name": "Sofia Rodrigues", "number": "a22510500"}}, {"model": "school.course", "pk": 1, "fields": {"name": "Django", "image": "cursos/dj.png", "professor": 3, "students": [1, 3]}}, {"model": "school.course", "pk": 2, "fields": {"name": "SpringBoot", "image": "cursos/spring.png", "professor": 1, "students": [1, 2, 3, 4]}}, {"model": "school.course", "pk": 3, "fields": {"name": "Next JS", "image": "cursos/js.jpg", "professor": 2, "students": [3]}}, {"model": "store.category", "pk": 1, "fields": {"name": "Food"}}, {"model": "store.category", "pk": 2, "fields": {"name": "Technology"}}, {"model": "store.address", "pk": 1, "fields": {"street": "Calle Fresno", "number": 14, "postal_code": 23484}}, {"model": "store.product", "pk": 1, "fields": {"name": "Papas", "category": 1}}, {"model": "store.product", "pk": 2, "fields": {"name": "Laptop", "category": 2}}, {"model": "store.user", "pk": 1, "fields": {"name": "John Store", "address": 1}}, {"model": "store.order", "pk": 1, "fields": {"user": 1}}, {"model": "store.orderitem", "pk": 1, "fields": {"product": 1, "order": 1, "amount": 20}}, {"model": "store.orderitem", "pk": 2, "fields": {"product": 2, "order": 1, "amount": 1}}]
